days,title,body,status,switch
2021-10-08,Wikiフォルダより,"## Project Name, nyasocom2.

_nyasocomのRails版_

※ nyasocom_betaの名称も使用しています。

試作品として当初は作っていました。その後、nyasocom2として公開しました。

### Web Library System Name is ""鬼灯""""

```markdown

- Ruby version 3.0.1

※ GitHubのHEAD（v1.1.5 ~）では、mroongaの依存をなくしました。

- Configuration Rails 6.1.3.2

動作確認

- Windows ×

※ 起動時、no implicit conversion of Hash into Integerを踏んでerror画面へ変移するため。

- UNIX系統 (MacOS and Ubuntu 20.04(wsl) ) ○

※ main and develop branch → MacOS

※ wsl branch → ubuntu20.04(wsl)

```

### ログインするためには

```markdown

> .bashrc or etc shell.

export NYASOCOM_BETA_DATABASE_PASSWORD=""database password""

> Google アカウントを登録

config/environments/development.rb

> 67-68 行目 認証時 Google アカウント指定

:username => Settings.gmail[:user_name],

:password => Settings.gmail[:password],

> config/database.yml

password: <%= Settings.database.password %>

> 環境構築

> cp settings.sample.yml config/settings.yml

database:

password: ""Your_Local_MySQL_Password""

```

### Google セキュリティ管理

[Google_Access_Admin](https://www.google.com/settings/security/lesssecureapps)

```markdown

> セキュリティを下げておく → 認証後、設定を戻す

sign up → Gmail and Gmail パスワード登録

→ Gmail に本登録メールが届く → 認証

```

<s>Gmail でメールが受信できなかった場合</s>

※ HEADでは確認用メール認証を解除しました。

```markdown

rails server 実行コンソール内

<p>Welcome karuma.reason@gmail.com!</p>

<p>You can confirm your account email through the link below:</p>

<p><a href=""　(URL and TOKEN)　""> (URL and TOKENをブラウザに貼り付けで本人確認できる) Confirm my account</a></p>

```

### 管理者権限付与

```markdown

rails c

user = User.find(1) # 管理者対象を User(id 番号指定)

user.update_attribute(:admin, ""true"") # 指定した番号の User を登録

```

### 管理者のみ管理画面設定 (11~12 行目)

> config/initializers/rails_admin.rb

```markdown

## == CancanCan ==

config.authorize_with :cancancan

```

### macports (対処: mysql57)

```markdown

Mysql2::Error::ConnectionError: Can not connect to local MySQL server through socket ""/tmp/mysql.sock"" (2)

sudo ln -s /opt/local/var/run/mysql57/mysqld.sock /tmp/mysql.sock

```

### 新レイアウト適用

```markdown

npm install -g yarn

yarn add jquery

yarn add bootswatch@4.5.2

```

### 鬼灯 ( 環境構築 )

```markdown

環境構築

----------------

git clone https://github.com/takkii/nyasocom2.git

cd nyasocom2

rm -rf Gemfile.lock

bundle install

----------------

DB操作

----------------

rake db:create

rake db:migrate

rake db:seed

----------------

Rails 起動&停止

----------------

# Server Start

rails s

# Server Stop

Ctrl + C

#----------------

#必要なとき

#----------------

# mysql -uroot -p

# パスワード入力:

# use nyasocom_beta_development;

# drop table active_storage_variant_records;

#rake db:migrate

必要なときはないと思います。

# webpack依存を外す前

# npm install -g yarn

# yarn add jquery

# rails webpacker:install

TypeScriptが必要になれば戻します。

----------------

#wsl (ubuntu)

----------------

sudo service mysql start

----------------

#wsl (centos8.1)

----------------

sudo mkdir /var/run/mysqld

sudo touch /var/run/mysqld/mysqld.pid

cd /var/run/mysqld

sudo chown mysql:mysql mysqld.pid

sudo systemctl start mysqld

sudo systemctl status mysqld

# mysqld.service - MySQL 8.0 database server

Loaded: loaded (/usr/lib/systemd/system/mysqld.service, enabled)

Active: active (running)

mysql_config --socket

sudo ln -s /var/lib/mysql/mysql.sock /tmp/mysql.sock

※ 自分の環境では、PCを再起動後もう一度同じ手順でつながりました。

# RockyLinux

# Can’t connect to local MySQL server through socket ‘/var/lib/mysql/mysql.sock’ (111)

sudo genie -i

# Ctrl+Cのあと繰り返し

genie -s

sudo systemctl start mysqld

# sudo systemctl enable mysqld

※ WSL2では2つのディストロでmysqlプロセスは起動できないみたいです。

rmagick

sudo dnf --enablerepo=powertools install lcms2-devel

sudo dnf --enablerepo=powertools install ghostscript-devel

sudo dnf --enablerepo=powertools install openexr-devel

sudo dnf --enablerepo=powertools install jasper-devel

sudo yum -y install ImageMagick ImageMagick-devel

----------------

# Sakura VPS

----------------

rails s -b 0.0.0.0

```

<s>sudo ln -s /var/run/mysqld/mysqld.sock /tmp/mysql.sock</s>

> 管理画面URL

http://tk2-410-46434.vs.sakura.ne.jp:3000/admin

> ダンプ、リストア

```markdown

# destroyするときのために

rails g task db

# ダンプ

rails db:dump

# リストア

rails db:restore

#※ ダンプ、リセット

rails db:dump_reset

#※ ダンプ、リセット、リストア

rails db:dump_reset_restore

# デフォルト (作成、マイグレーション、シードデータ投入)

rails db:default_db

# DB操作 (削除、作成、マイグレーション、シードデータ投入)

rails db:my_default_db

```

※ ダンプ、リストアの対象、自前MySQLのDBすべてです。

",true,false
2021-10-09,実装記録,"### カミナリのページネーション追加

```markdown

ブログページにもカミナリのページネーション追加しました。これにより、検索機能も付帯します。

```

#### より使いやすくなりました。

※ ログを乗せようとしたのですが、文字数が多すぎて入りきりませんでした。文字制限あるようですね。",false,false
2021-10-10,本登録,"### さくらVPSの契約、本登録しました。

> 今日からスタートですね。

朝方、メールが来て驚いたので、

早めることにしました。

継続して利用できるといいなぁ。",false,false
2021-10-11,erb-linter導入,">ERBを書くときにLinterが動作するようにしました。これからのための変更です。

#### もう少し、その先へ。",false,false
2021-10-12,レイアウト調整,"> レイアウト調整しました。

```markdown

・ 投稿一覧にタイトルと日付追加

・ ログインフォームの位置

・ ブログ一覧の中央寄せ

・ erb-lintの不要な設定削除

・ erb-lintの設定の見直し

・ erb-lintの消しすぎた設定の戻し

```

#### 今後も少しずつ改良していきます。

_ブログは自分で作る時代。_",false,false
2021-10-15,PostgreSQLの書籍購入,"### Excelと連動しているPostgreSQLの本を購入。



> タイトル：「内部構造から学ぶPostgreSQL　設計・運用計画の鉄則　改訂新版」



```markdown

できれば、にゃそこん２のDB周りもpostgresに変更したいけれど、インデックス作成まわりでつまずくので時間があるときに移行する。

```

#### 近況と記録。

",false,false
2021-10-15,PostgreSQL,"### 考察



> PostgreSQLでWindows環境構築ができた。



```Markdown

・ RubyMineでデバッグをWindows環境のRubyInstaller2でもできる。

・ PostgreSQLでダンプリセットリストアシードコマンドが使える。

・ IDEで書くことができるので書きやすい、治しやすい。

```



※ PostgreSQLにいずれは移行する。

",false,false
2021-10-15,MySQL,"### 懸念

```markdown

・ 環境構築に時間がかかる。

・ Windowsではmysql2が動かない。

・ さくらVPSでMySQLがあるが、PostgreSQLのRails側をマージする予定である。

```

※ しばらくMySQLも残しておく。

",false,false
2021-11-26,MySQL2,"### 達成

```markdown

・ MySQLのコネクタ、mysql2がWindowsで動作できた。wikiに記録してある。

・ ローカル環境で、にゃそこん2を構築できるので反映も楽になった。

・ MySQLとPostgreSQLの環境構築ができるのは良いことである。

・ 2つのDB間、動作もほぼ同じになっている。

```

※ MySQLとPostgreSQLでにゃそこん２を作っていく。

",false,false
2021-12-12,🎉画像投稿機能追加,"### 変更点

```markdown

🎉 blogs側、画像投稿機能追加しました

🎨 全体、絵文字表示可能にしました。

❎ books側、seedデータのstatus=>'0'を解除（未所持をデフォルト）しました。

⭕ 起動時、ログインレイアウトの調整をしました。

```

#### 🍭本日のChangeLogsでした。



",false,false
2021-12-13,🌠 作業記録,"### ChangeLogs

```markdown

# さくらVPS稼働版

# mysql側nyasocom2

⛄ 絵文字表示

🍬 画像投稿機能追加

🎮 DBバックアップ

```

以上です。

",false,false
2021-12-31,大晦日🌞,"

```markdown

# Windows環境

・ ruby3.1.0がでているがnokogiriでrailsを起動できない。依存ライブラリzlibなどでこける。

・ ruby3.0.3を入れ直し。2.7.xを削除。

・ Vimの設定ファイル書き直し。

```

",false,false
2022-01-01,新年🔔,"#### 記録

```markdown

・ コワーキングスペースと弁済金の入金済み

・ ATMは動いていた。

・ Excelに入力完了、あとどれくらいか見られる

```

#### 新年の抱負

```markdown

・ Ruby技術者Goldを取得する

・ Railsエンジニア5basicを取得する

# 挑戦

・ OSS-DB Silverに挑戦する

・ Python3 データ分析に挑戦する

# どちらでも

・ Oracle java bronze 合格を目指す

```

以上

",true,false
2022-01-04,🍬 新年開始,"### 明けましておめでとうございます。今年もよろしくお願いします。🙇

```markdown

・ RubyInstaller2で3.1.0を入れてそれぞれの環境を設置 (にゃそこん2、にゃそこん、zinbei、zinbeijettなど)

・ にゃそこんのRubyを3.1.0にバージョンアップ

・ go_straightの更新

・ configの新規作成

・ install.rb、installer.rbで自動生成確認

```

以上です。

",false,false
2022-03-05,にゃそこん3😹,"### 変更点

```markdown
・ にゃそこん2よりDBコマンドを移植
・ トップに戻れるボタンを編集画面などに追加
・ レイアウト調整
・ 削除ボタンと編集リンクなどをバリアフリー化
変更があればまた記事します。
```

※ 前回、削除ボタンの動作確認のため、DBを入れ直しました。",false,false
2022-05-20,Docker側🐳,"### 共存

```markdown
・ ローカル版とdocker版、database.ymlを共存完了。docker-compose downで消すように。copy形式で、共存前のファイルを記録してある。

・ Docker版、要らないコンテナを削除しました。起動時になぜか、残骸が残っていた。
```",false,false
2022-05-21,用途☆,"### 仕様

```markdown
・ ローカルは開発用、新規機能などはローカルで作ります。

・ Docker版は運用、ローカルで作ったモノを動作確認までローカルで済ませて、稼働するときに使います。
```",false,false
2021-10-09,リンク切れ,"> にゃそこん２はパブリックではなくなったため、リンク切れを起こします。

※ 内容を削除します。",false,false
2022-05-02,記念日🎁,"### 3年間の支払い終わり

```markdown
・ ねこ太郎さんの債務整理が今日で終わりました。3ヶ月分、立て替えました。3年間の支払いが終わりホッと安堵している様子です。

・ おじ太郎2号、自己破産で「身の丈にあった生活を心がける」ように言われてから7年ぐらい経過しました。

・ 信用情報も一部は復活しているんじゃないですかね。現金主義になり、デビットカードが役に立っています。
```

※ この記事は、非公開。公開しない。",true,false
2024-04-29,マイページ表示順序,"- マイページの表示順序を作成時→日付に変更しました。

※ ブログなどと同じにしました。

以上",true,false
2022-03-27,リンク解除🔏,"### 更新

```markdown
・ reactで作ろうとしているwelcomesページのリンクを解除しました。とりあえず、作ってからもう一度張り直します。

※ GitHubのdependentbotがマージをよく投げてくるようになったためです。
```",false,false
2022-04-06,コワーキング🔏,"### 更新内容

```markdown
・ Ping-tに登録した1年分前払い。とりあえず505問を2日でしたが意味がわからず。よく理解するまで繰り返し解く。

・ やっとこさ、RubyGemsで依存ライブラリを登録できた。インストール時に自動的に入るため、手動で入れなくてよくなった。対象は、zinbeiとzinbeijett。

・ Findyの伸びしろが120ぐらいまで伸びて、73の偏差値に変わった。特段何かあるわけじゃないが、偏差値が加算されたのはうれしい。
```

#### 自分を認め、生きていく。",false,false
2022-05-10,活動記録📝,"### 備忘録

```markdown
・ 日めくりをにゃそこん参のローカル用に入れてみました。ちゃんと動作しています。

・ コワーキングスペースのポスト確認に行きました。何もない幸せを感じています。

・ Ping-tは60%台です。軌道に乗り始めました。さらに深い知識にしたいと想います。

・ 教科書大事。

・ 検針日がいつなのかまだわからないですが、ちゃんと払ってきたので心配はなさそうです。
```",false,false
2022-03-25,よく眠れました💤,"### 更新

```markdown
・ メガテン5のユニバーサルエンジンに慣れない。早速、全滅してしまった。ロードからやり直し。クエストもいいけど、クリアすることにも念頭に置くべし。

・ BIZUDGothicとBIZUDMincho、UDEVGoshic、UDEVGoshicLGをvscodeのファミリーに追加してみた。

・ HackGenと共存している。もう少し見やすくなったかな。homebrewでリストがあれば追加しておく。

・ はてなブログを退会しました。書いた記事のテキストは手に入れたのでにゃそこん3のseed.rbに少しずつ追加していきます。

・ どれくらいかかるだろう。本文を検索対象にしたので、該当する内容を調べることはできそう。
```",false,false
2022-03-19,人修羅🚶,"### 更新

```markdown
・ 人修羅Lv.99とライドウLV.99で、メタトロン、ベルゼブブ、ミカエル、ガブリエル、

ラファエル、ウリエル、ギリガメラの貫通持ち所有、御魂に貫通継承などをして1週目クリアしました。

奥さんに、クリア画面を見せれてよかったです。少し疲れたので、2週目はすぐにはしないですね。ちょっとずつ進めていきます。

# スパロボ、クリアできる自信ないな。面白くないんだよな。難易度も、ストーリーも、出現する機体も。
```",false,false
2022-03-05,真女神転生Ⅴ👿,"### 更新

> メガテン5を買いました。ユニバーサルエンジンというのを積んでいて、立体的に主人公が動きます。

> 女性かなと想っていたのですが少年という設定で、名前を三毛猫ホームズにしました。どっちかわからなかったし、

本名は伏せたかったので。

```markdown
・ にゃん太郎のショルダーバッグ待ち。来るかな。午前中に来ました。やったね。Amazonに評価付けておいた。ありがとう。

・ コワーキングスペースのポストみてきた。何も無し。自転車の空気を入れてきた。行って良かった。天気も良くサイクリング日よりでした。

・ にゃそこん3のブログ側検索窓、タイトルだけなの本文にもヒットするように変更した。あとコメント一覧に検索窓設置。コメント検索できるようにした。
```",false,false
2022-04-24,一週間振り返り🎾,"### 備忘録 💵

```markdown
・ power-rubyist(ryzen2700x)のディスプレイを2枚に増やした。起動も確認。

・ Ping-tを続けている。得点は、0~70%で変動する。安定してきたら、よいのだけどね。

・ コワーキングスペースのポスト確認。入らないときは入ってないのだけど、選挙の封筒が入っていた。

・ WSLに22.04を入れた。ruby、python、node.js、perl、postgresqlを設定した。

・ iMac側、OSの更新を含めていろいろ更新した。Commandlinetoolsからhomebrewやneovim、macvimなど。neovimにcopilotをセットした。
```

そんな一週間、右隣の人が引っ越してきた。",true,false
2022-04-25,備忘録📋,"### 行動記録👱

```markdown
・ Ping-tで10問50%、まだまだだけどとりあえず点数をキープできるようにする。

・ ゲンキーで買い出し、3日分あればよい。2300円弱だったけれど、良い買い物かどうかは食料がどれくらいまで持つかによりけり。

・ Gemfileの依存ライブラリ更新。いつものことだけど、更新しておくに超したことはない。
```

今日の振り返り、報告。",false,false
2022-04-26,実装📚,"### 実装

```markdown
・ 静止画像単数機能
・ 静止画像複数機能
・ 動画機能
```

> にゃそこん2より移植。

> 作業終了後、もう一度実装し直して、音楽ファイル対応しました。ただ、次の日にしたいいね機能付与はRouteErrorが解決できず断念しました。

今回にゃそこん3限定で、それぞれにチェックボックスから画像や動画など削除機能も付きました。
",false,false
2024-03-18,ニコちゃんマーク,"> 原文と最後に編集したユーザIDを表示するように変更しました。

```markdown
原文：☺

編集：☺ 1 (1 ~ ユーザID)
```

わかりやすくなったと想います。",true,false
2024-02-19,新規機能追加,"### 新規機能追加

- マイページ機能を追加

```markdown
 カレントユーザの投稿のみ表示

 記事を投稿、編集など行える
```

#### 仕様

- 投稿時、ユーザID割り振り。

- デフォルトは0、インポート時に設定。

- 編集すると編集したユーザIDに変更。

- 表示、作成した日から降順。

以上、機能追加の詳細。",true,false
2022-04-27,機能追加一度停止❎,"### 変更点

```markdown
・ いいね機能を付与しようとしたが、RouteErrorが解決できず断念した。
```

> Rails7の仕様で、JavaScriptが切り離されたからか、createやdeleteが機能していないため非同期いいね機能を断念することにした。

> rails routesでは正しいルーティングを示していた。なぜ発生するのか、わからない。非同期いいね機能の再実装は、今のところ必要性を感じません。

> とりあえず、機能をにゃそこん2から移植はこれで停止。新規機能追加などの前に、自動テストなどを設置していくので、この先はメンテナンスにする。

#### SNS離脱、SNS疲れ
> 長年のつぶやき(2009年7月～2022年4月27日まで)に終止符を打ちました。

> 近年はコミュ障の影響でもはやつぶやきすらできない状態だった。

> E・マスク氏のTwitter買収報道を受けて、Twitterを退会することにしました。

> コミュ障や陰キャの利用するSNSに2兆円ほどの価値があるとはどうみても、視点を変えても、思えないですね。",true,false
2022-04-28,自動テスト💯,"### 朝活

```markdown
・ rspecとfactorybotでテストケースをmodel/user、書いてみた。

今後は、コントローラやヘルパーなど必要な項目を追加していく。テストケースでfailedするところはコメント化、挙動として正しいため。
```

テストケースが作り終われば、自動テストをGitHub Actionsでセットします。",false,false
2022-04-30,自動テスト ㍠,"### 備忘録

```markdown
# GitHub Actions
・ rspecが通るようにしたのと、rubocopチェックを入れてバグの検出ができるようにしました。

・ 2022/04/30で計118分 / 3000分を使いました。

# にゃそこん参カスタム
・ envブランチをローカル用にしました。

・ developとmainがテスト用です。mainブランチにpushまたはPRで自動テストがまわります。

・ 新規機能追加フェーズ→運営とメンテナンスに移行しました。これからは記録として使います。
```",false,false
2022-05-01,自動テスト㍡,"### 備忘録✑

```markdown
・ Gemfile.lockをにゃそこん参カスタムから削除しました。自動テストでは使わないためです。dependentbotが反応するのを回避します。

・ 今日も3分くらい、自動テストを回しました。修正も今のところないので、別のプロジェクトをコミットしようと想います。
```

#### 5/1は、メーデーです。普段の労働に感謝。フリーランスとして、個性派社会を生きていきます。",false,false
2022-05-04,依存ライブラリ更新✨,"### 変更履歴

```markdown
・ himekuri_tsのバージョン管理をnvmからnodenvに変更、compile.rbの内容を改めました。

・ にゃそこん弐、にゃそこん弐win、にゃそこん参の依存ライブラリ更新しました。

・ GW、2日目。特に何もないのが幸せでもある。GitHub、コミット数は20回程度。
```",false,false
2022-05-07,休日の過ごし方☀,"### 余暇、時間の使い道 🚗

```markdown
・ OSS-DBを学習、60%ぐらいは教科書と併用することでとれるようになってきた。知らないまたは見たことないものはメモるようにしている。

・ 小麦粉の高騰で、スパゲッティもお好み焼きもできなかったけれど、なんだかよいGWを過ごしているように想っている。

・ メガテン5、どんどん強くなる。高位な悪魔も召喚できるようになってきた。最終戦に向けて着々と準備中。
```

そんな日々を過ごしてる。

> 退屈な毎日、退屈な日々。もしそこに女神転生のような日常があったなら。",false,false
2022-05-13,DLCを買いました🎮,"### 記録

```markdown
・ ニンテンドーショップで初DLC版を買いました。3000円弱でした。人修羅への挑戦権やアルテミス、クレアパトラ、メフィストの悪魔合体が解禁されました。

・ 2週目のping-t、500問が終わりました。次はミスからスタートし直します。少しずつ点数が上がっていくといいな。
```",false,false
2022-05-14,非公開🔏,"### 備忘録

```markdown
・ 非公開に設定、公開にしたいときは管理ツール(pgAdmin)などでblogカラムのstatusテーブルのbooleanの値をfalseに変更すればよいです。

# 41番目のこの記事を公開にしたいとき

rails c
blog = Blog.find(41)
blog.update_attribute(:status, ""false"")

こういう風にできると想います。

※ 動作確認のため記事を非公開にします。

公開、非公開をチェックボックスで切り分けれるようにしました。手動でも切り替えれますがよりシンプルです。

難しい記事よりシンプルに実装出来る方が実用性があります。敷居の高さを感じないような身近なフレームワークにRailsがあるとうれしく思います。
```",true,false
2022-05-17,管理者のするべきこと🙎,"### 仕様の見直し

> 今までは、管理者はユーザと同じことができてなおかつ管理画面はユーザが編集した一覧を編集できるべきと考えていました。

```markdown
# 変更！
・ 管理者はユーザ情報の一覧と退会（論理退会）ができる。それ以外はユーザ権限に戻す。
論理削除なので、ユーザ情報は残るがアクセス権は消える。ユーザ側、非公開記事は閲覧できる。
・ 管理画面、ユーザ側にbootswatchを適用したことによるレイアウト崩れ対応。

・ ユーザは、ブログ側、記事のユーザ一覧、編集、削除、閲覧、新規作成、コメント側、コメント一覧、新規作成、編集、削除を行える。

・ ユーザ側deviceにbootswatchを適用、投稿一覧のレイアウト崩れ対応。
```

※ ユーザと管理者両方でログインすることで一覧へのアクセスはなくなりました。管理者はユーザのアクセス権はありません。

注意：管理者が論理退会したユーザの記事やコメントの削除はDB側で削除クエリを実行するか新規ユーザを発行し手動で削除します。

> Rails7で実装することは、常に自分は初だと想いながら行うので、緊張は続く。書籍が対応する日は来るのかな。",true,false
2022-05-18,Qt5をvs2010へ🐶,"### 作業✨

```markdown
# インストール

・ Qt5をVS2010に入れました。ビルド時に、黒い背景が出るので（再インストールしてもだめ）OutputColorを拡張機能から削除しました。良い山モデル側対応です。

・ ビルド内容は黒文字で自然にみれます。それ以外は、Qt4の内容がビルドできた。
```

※ C++やQtを時間があるとき進めていく。",false,false
2022-05-23,記録📝,"### 変更

```markdown
・ puma-daemonを解除

※ 今後は、Docker側でデーモン化する。アプリ本体でデーモン化はしない。
```",false,false
2022-05-23,買い出し☄,"### 行動記録

```markdown
・ 金色のカードで支払いができない人がいた。ゲンキーでその人のために長い時間待っていた。カードが止まったんだと想う。

返済期間が来なければ回り続けるし、リボで限度額を超えれば止まる。規約に書かれている期間3~10年が来たら自動的に止まる。

そのあと、返済期間と返済額を決めるために人が来る。

・ ゲンキーへ買い出しへ行ってきた。3340円で買い物をしてきた。暑い日だった。

・ puma-daemon解除した。デーモン化はdocker側で行う。サーバ側もいずれコンテナ管理に移行する。
```",true,false
2022-05-22,日曜日💤,"### 行動記録

```markdown
・ 眠さ、午前中眠っていた。いびきがうるさかったらしい。郵便局が来ていたらしいが今日は日曜日だ。

・ 一応、郵便ポストを見てきたが何もなかった。隣に郵便物が置き配になっていた。

・ 暑い、室温は少しずつ上がってきた。
```",false,false
2022-05-12,くそゲー🎮,"### 活動記録📝

```markdown
・ 1週目、メガテン5をクリアしました。新生と転生が選べたので、転生でスタートしました。

・ DLC版を買おうと想っています。まとめパックのやつ。メガテン3も事前にクリアしてあるので、やりこみ要素が多くてよいですね。

・ 昨日、先生（K弁）に連絡を入れて支払いを確認しました。1年経過するので連絡をくれたそうです。来月に支払いを2回することで完済する予定を口頭で伝えました。

・ himekuri_tsをにゃそこん参に設置しました。意外とシンプルに表示されていてうれしいですね。日めくり通常版はにゃそこん壱に設置しているので、変化が大事。
```",true,false
2022-06-11,運営フェーズへ🚶,"### 備忘録

```markdown
# 運営フェーズへ移行までもう少し

・ 新規作成、要件定義、🔚
・ 機能追加、🔚
・ ユーザテスト、🔚
・ ユニットテスト、🔚
・ 最終調整、🔚

運営→メンテナンス、㊧
```

長くかかったけれど、運営フェーズ手前までこれました。あとは使うときに起動します。👍",false,false
2022-06-15,独自ドメイン🎉,"### 行動🚶

```markdown
・ 独自ドメインを取り、設定しました。稼働していきます。運営フェーズまでこれました。
```",false,false
2022-06-19,レイアウト修正☕,"### 記録 📝

```markdown
・ カミナリのページネーションを中央寄せにしました。影響範囲に反映しました。

・ 反映後、再起動しました。

・ ロケールに時差があり、日付が変わるのに9時間程度あるようです。日本時間に対応はしません。
```",false,false
2022-06-20,メッセージ変更📨,"### 変更履歴

```markdown
# ブログ下部
・ コメント一覧をメンテナンスに変更しました。
・ ～区切り線、数を減らしました。

※ 今後、コメントをメンテナンス情報を記録する形で使っていきます。
```",false,false
2022-06-25,内部機能調整🚐,"

```markdown
・ 検索バー付近にあった表示件数を検索対象の全体数を表示するように変更しました。

・ N+1問題にも対処しました。
```

※ 内部変更です。現在のページネーション数を表示していたので、対象の全体数に変えました。",false,false
2022-09-28,全文検索対応🔍,"### 更新記録

```markdown
・ 本日、PGroongaを利用した全文検索に対応しました。
```

※ 検索がスマートになりました。

> Rails7に対応することで、さまざまな利点を手にしたと想います。今後も開発を継続します。",false,false
2022-05-20,定期検診、今月は終わり🔚,"### 行動記録

```markdown
・ 定期検診へ行ってきた。「仕事があると精神が安定することもあるのを覚えておきたまえ」と言われてきた。

・ 私は、「仕事は今はないですね」と言った。昔、訓練を受けたことがあるので、個人で請負できるようにしていると言った。

前も話していたんだけどな。

・ 入室するときのフルネームは、声かけをしているから要らないそうだ。入り口に張り紙がしてあるけどな。

・ 毎回、名前を呼んでいただいていますと言った。指を指されるだけのときもあったけどな。なんだか社会は難しい。

・ 今日は疲れた。記録を書いて休む。Ping-t、10問50%、zoneを入れてドーピングしたが点数は伸び悩む。ほんとに休もう。

・ Docker版とローカル用を共存できるようにした。すでに用途を変えている。
```",true,false
2022-06-17,稼働3日目📆,"### 記録📝

```markdown
・ 毎日、メンテナンスで依存ライブラリ更新をしています。

これで稼働して3日目です。

今のところ、問題はありません。
```

> ブログシステムとして、運営しています。",false,false
2022-06-21,夏至🎇,"### 履歴

```markdown
・ 依存ライブラリを更新しました。
・ サーバを再起動しました。
・ 日めくりTSを更新しました。
・ Dockerfile内よりnpm install -g yarnを消しました。

※ 内部構造を変えたため、

出力レイアウトに変更はありません。

1.0.10 → 1.1.0へバージョンを上げました。
```

#### 今日は夏至です。

> 日の出から日の入りまでの時間がもっとも長い日です。

今日も良い日を過ごしていきます。🎇",false,false
2024-04-26,DB等入れ替え,"- 最近まで書いていたログを消しました

- ログは、手帳に書いてあります

- Rubyを新しいバージョンに対応したため、

※ その他の項目を入れ替えました。

- 動画、CWで応募前に挙動を見せるために作ったスクリーンショットです。

以上
",true,false
2022-04-29,備忘録✒,"### 行動

```markdown
・ 明文堂書店でOSS-DB ver2.0の教科書を買いました。KindleでGitHub Actionsの電子書籍も買いました。

・ 奥さんには手芸本2冊買いました。GWを過ごすために先行投資。

・ Amazonのタイムセールでケトルを買いました。Findyのお花見キャンペーンに応募。

・ アマゾンギフトを1000円分もらえたので、4300円の品物がタイムセールで300円引き、アマギフとポイント値引きで実際2700円程度で手に入りました。

・ GitHub Actionsをにゃそこん3カスタムに設置。結局、58回のビルドをしました。54回程度エラーになりましたが、無事通るようにできました。
```

#### 修正前

> ・ GitHub Actionsをにゃそこん3カスタムに設置。ビルドエラーが13回ほど続いたが無事、グリーンになりました。

> rspecをローカルで書いて追加していくぞ。wikiに更新しないファイルを書いた。気をつける。
",false,false
2022-04-18,備忘録⚽,"### 最近の活動記録🏀

```markdown
・ Windows 10 pro → Windows 11 proにアップグレードした。やりたいことに制限はなくなり、動作は前より軽い。

・ 後日、グラフィックドライバーも更新した。ドライバーのみ入れた。

・ opencvの電子書籍を買ったので、試しに動作をWSLでみると動く。サンプルとして、動作をみるのもよい。

・ ついでにディープラーニングとはどういうものかも知ろう。テストケースを機械学習に変更も良いかもしれない。いろいろopencvで改良してみよう。

・ コロナワクチン3回目、4日も経てば痛みはとれた。体調は万全だけど、数日経過してしまったpostgresの知識は入れ直し。

・ すぐには境界線まで行かないもんだね。繰り返し解く。
```",false,false
2022-04-13,コロナワクチン3回目💉,"### 活動内容

```markdown
・ 虎徹(CPUクーラー)を買いました。
TwitterやFindyなどの懸賞に応募して当たったのを割引に使いました。

コロナワクチンを接種した日に取り付けたのですが、ディスプレイに映らない問題が発生しました。

対処、ディスプレイの電源を切る→PC本体の電源を切る→1日放置→

ボタン電池(CR2032)を取り替える→

グリスの量を調整(はみ出る部分をティッシュで拭き取る)などをしました。

・BIOSがついて、CPUファンの接続先ケーブル違いが発生したのに対処→Windows起動でした。

・PCを初期化、入れ直しました。PBO(Precision Boost Overdrive)があるともはや遅い処理のコンピュータにイライラするようになりましたね。

※ きっと怠惰な技術者には必要な機能です。

・コロナワクチン3回目接種、接種証明アプリを入れました。ちゃんと証明書発行までしました。

・接種当日、腕に痛みあり。接種2日目、38.1℃を超える体温になりました。

このとき頭痛と目が腫れていて痛みがありました。接種3日目、頭痛は少しだけになり、目の腫れは止まり痛みはなくなりました。

完全復活までもう少し。コロナをなめていましたね。
```

※ 話題はたくさん。盛りだくさん。",true,false
2022-10-11,表記追加📝,"### 更新履歴

```markdown
# PGroonga and groonga

・ バージョンを表示し、最下部に追加しました。
```

※ PGroongaを利用していることがわかると想います。",false,false
2021-10-08,初投稿、祝ブログ機能。,"### ブログ機能が付きました。

> ブログ機能なので、JavaやDBやRubyなど、電気・電子、PCパーツなどの記事を書いていきたい。

> もちろん、実装した機能の説明も入れていく。※ 容量は気にするべきかもしれない。

```ruby
require ""date""

class Sample
  def self.ruby
    puts Time.now
  end
end

Sample.ruby
```

_現在時刻を発生するコード_

>チャット機能にするか迷った。

異なるユーザを必要としない多対多の関連付けなどがなく比較的に実装数が少ないブログ機能にした。

",false,false
2022-10-15,ワクチン接種日,"### 記録💉

```markdown
・ コロナワクチン接種4回目、オミクロン株対応版を接種しました。

※ 今のところ、熱や異常はありません。
```

※ 接種証明書で証明も発行しました。これからもこうやって予防していきます。",false,false
2022-10-10,解決⭕,"### 環境構築

> 先日、homebrewで入れたimagemagickが更新すると

前バージョンと4.3.0が入らなくなる問題。

> 5.0.0がリリースされて解決した。

※ ちゃんと動作するようになった。

>  まだまだ、Intel_macは活躍できそうだ。

<s>数日中、pgroongaのバージョンを上げてにゃそこん参カスタムに対応します。</s>

※ 対応しました。仕様を少し変更しました。",false,false
2022-09-29,Pythonライブラリ🐍,"### 過去歴

> geturinという、Bignyancoに寄せたプロジェクトをPyPIに登録していたのですが、

もう少ししっかりしたライブラリを書こうと思い登録を解除しました。

※ 時間はかかるかもしれないけれど、

何かのライブラリを登録するまでお待ちください。

> もとのtakkii/moonはGitHubプロジェクトとして使えるように、

最小構成にしてアーカイブしてあります。",false,false
2022-01-05,did_you_meanに対処🚆,"### 変更点

```markdown

Calling `DidYouMean::SPELL_CHECKERS.merge!(error_name => spell_checker)' has been deprecated.

 Please call `DidYouMean.correct_error(error_name, spell_checker)' instead.
```

重要な記事ではないため、

リンク先を削除しました。

<s>これに対応しました。</s>

<s> Qiitaに投稿</s>

<s>[Railsの謎メッセージ対処]</s>

<s>文章化成功💡</s>

",false,false
2023-03-29,いいね機能,"#### 機能改修 (2023/03/27)

- いいね、いいね解除をスマートにしました。

- 期間限定内、いいねといいね解除をセットしました。

_機能改修しました。_

※ この記事は非公開です。",true,false
2022-10-31,ハッピーハロウィーン🎃,"### 更新履歴

```markdown
・ CWの登録解除、1年大きな仕事を受託しなかったため。

・ github.ioの更新、ハロウィーンの更新。

・ Vectorからたどれるpage3の内容更新。

・ 現在のGitHubパネルの表示。ハロウィーン仕様。
```

※ 節目になる日です。これからも前進していきます。応援してください。",false,false
2024-04-25,Qt関連,"- Qt for C++

※ マルチプラットフォームでビルド可能

- QtJambi

※ マルチプラットフォームでビルド可能

#### マルチプラットフォームとは、

> Windows11 Home / MacOS Sonoma / Ubuntu20.04を示す。

以上
",true,false
2022-09-29,不具合情報❎,"### 問題点

１．Intel_Macで発生した問題

#### Imagemagickでrubyのrmagickをインストール

> Can't find ImageMagick with pkg-config

※ これが流れて二進も三進もいかない。

> homebrewでimagemagickを入れ直し、

pkg-configにpathをつなぐなどしても意味がありませんでした。

> pkg-config --list-allで見るとセグメンテーションフォルトで詰まりました。

issuesなどの解決方法でもうまくいかず...

```markdown
# rmagick 4.2.6, 4.3.0, 2.16.0, 3.1.0, 3.0.0 ... 
(全バージョン対象か)

・ Imagemagickは、homebrewでインストールできる最新。

(取り込まれた修正が問題のような...)

※ 4.2.6のとき、過去のimagemagickでビルドできていた。

更新してビルドできなくなった。
```

> mini_magickに変えてインストールで動作確認すると動く。

メモリの消費も抑えられてよいことがあるもの。

> Unix環境もM1などに対応していくことにより、Intel環境で開発は険しい道のりです。

代替えがいつまで有効か心配はあります。",false,false
2023-04-01,エイプリルフールはしない,"- googleアナリティクスを解除しました

- fontawesomeの要らないリンクを消しました。

- 2点、ローカルとサーバ対応しました。

- 依存ライブラリ、プロジェクトWiki内ライセンス情報を更新しました。

※ 大分、よくなりました。",true,false
2023-03-30,機能改修③,"- ライクモード削除

- レイアウト修正

> ハートがボタンに隣接するように変更

- サーバ、ローカル対応

- データベース入れ直し

- トップページ、ハートとカウント数が見られるように変更しました。
 ∟ カウント数0のみ灰色にしました。

※ 作業記録",true,false
2023-04-02,県議会選挙,"- 県議会選挙の期日前投票に行ってきた。

- 良い山、Rubyのバージョン更新対応。

- にゃそこん3の依存ライブラリを入れ直し。

以上",true,false
2023-03-24,更新履歴,"にゃそこん3側 (2023/03/23)

- Rubyのバージョンアップに対応しました。
- 依存ライブラリ、テスト時のみを解除しました。
- データを入れ直しました。

> 地方では桜の開花宣言がありました。

もう季節は春ですね。桜を見に行きたい。",false,true
2022-06-26,日めくりTS📆,"### 取り込み🍅

```markdown
・ にゃそこん参カスタムが稼働しているサーバのロケールを取得し表示するようにしました。

※ 日本語(ja_JP.UTF-8)と表示されるのは、

にゃそこん参カスタムがWindows環境で動作の場合のみです。

機能開発時にそう表示させていました。
```

※ 独自機能を取り込みました。",false,false
2022-06-22,8/21までプレビュー版が使える🔧,"

> 1通のメールが来ました。GitHub copilotをset upするようなメールでした。

使っていたので、不思議に想いました。よく読んでみると、

```markdown
・ 料金プランが発表され、プレビュー版から正式版に変わるようです。

おおよそ月額10ドル、年間で100ドル程度との発表がありました。

・ 料金プランがあるということは選択肢になりました。

正式版を使うために、また予算を組んでいきたいと想います。

それまで、プレビュー版を解除して気を長く待ちます。
```

※ あると便利な機能。",false,false
2022-05-24,コワーキングスペースへ🚴,"### 行動記録

```markdown
・ コワーキングスペースへ行ってきた。

年配者のみ書籍を読んだり、

写真を撮ったりしていた。

大学生はいなかった。

・ ポスト確認、何も無し。

何もないよさを感じている。

上を見ると連番の延長線があった。

シェアオフィスよりコワーキングスペースのほうが需要があるようだ。
```

🚴自転車で行ってきた。少し疲れた。",false,false
2023-04-08,タイトル付与,"- タイトル、ページネーションをトップに追加しました。

- csvファイルを更新しました。

以上です。",true,false
2023-04-10,タイトルなし,"- ログイン前、タイトルをなしに変更しました。

- ページネーション、上部にあったのを解除しました。",true,false
2023-05-01,GWの更新。,"- 記事一覧、管理者とユーザのログインでCSVボタンを表示するようにしました。

- 記事一覧、期間限定とトップで表示するようにしました。

- サーバに反映しました。

更新履歴。",true,false
2023-06-10,仕様変更、認証部分,"- 2段階認証を導入した。

> current_userのidとログイン後のidが一致しないとき、raiseを起こすようにした。

- ログイン後、2段階認証の位置へリダイレクト、各コントローラでbefore_actionの処理。

※ 最小限のログイン認証。完全を求めるなら、devise_controller.rbを作成し修正する。

以上。",true,false
2023-04-25,追加変更分,"<s>サーバ側、スイッチ(実験的機能)を追加しました。</s>

- サーバ側、スイッチ(切り替え)に変更しました。2023/04/30、更新分。

- ローカル側、スイッチを切り替えに変更しました。

※ 追加変更。",true,false
2023-04-04,デバッガ、golang対応。,"- neovim、neoruby-debuggerをrails対応

         ∟ 内容を更新。debug = 1、動作確認。

- golang、sublimetext/neovimで補完など一式を設定

          ∟ 書けるようにしました。

> PG::UniqueViolation: ERROR: 重複したキー値は一意性制約違反となります

- タイトルが重複するとユニーク制約によりエラーを返します。気をつけよう。

以上。",true,false
2023-04-06,スイッチ式,"- ログイン前後トップページ、期間限定トップページ、ブログ側閲覧の4項目。

※ 切り替えにチェック時、4項目に反映します。更新: 2023/04/08

<s>ユーザ側トップページのみ</s>

- チェックした記事、本文のみ背景(白)と文字(黒)に色が変わるようにしました。

※ rails-ujsでJSが着火するようになり、ライクモードが不要になりました。

> 新たに作り直した実験的機能です。構想により仕様は変化します。",true,false
2024-04-27,ひめくり更新。,"- ミニテストを改良しました。

- メソッドを呼び出して評価します。

- バージョンを上げました。

以上",true,false
2024-05-01,BMI測定器,"### BMI測定器を作りました。

- rubygems/bmiを作りました。

- GitHubで公開しています。

- ライブラリ化しました。

- CLIとして動作します。

- wikiもあります。

以上",true,false
2024-05-07,検索エンジン最適化,"### 仕様

> C++

- 1~3項目、検索方式を変更する

- riceでruby拡張機能にする

- にゃそこん参ぴーじーるんがに取り込む

> Ruby

- 構造化束縛をする

- 機能としてライブラリにする

- Rails拡張機能として最適化する

※ 少しずつ進めていく。",true,false
2024-05-07,GitHub Package,"### BMI測定器をGitHub Package化しました。

> gem install bmi -v 1.0.2.2

※ これで入りますが、トークン登録が必要です。

以上",true,false
2024-05-12,DVD-R,"- 注文したDVD-Rが届いた

- LinuxMintをUbuntuマシンに入れた。

- Goneovimの設定をした。

※ 便利になった。使いやすい。",true,false
2024-05-14,GitHub dependent bot,"- takkii.github.io

- nyasocom_sun_pgroonga

※ 対応しました。依存ライブラリが古いらしいです。",true,false
2024-05-21,ライブラリ更新,"- takkii.github.io

- nyasocom_sun_pgroonga

※ 更新対応しました。",true,false
2024-06-04,GitHub Copilot 解約,"> GitHub Copilotを解約しました。

- 補完リストに表示される内容がよくないためです。

- 作業が宙ぶらりんになります。だから解約しました。

※ LSPの補完リストで満足しています。",true,false
2024-06-15,ruby 3.3.3に対応。,"### にゃそこん参ぴーじーるんが

- ruby 3.3.3に対応

- Gemfile更新

- npm更新

※ Rubyのバージョンと依存ライブラリを更新しました。

以上",true,false
2024-06-19,にゃそこん参カスタム,"- 依存ライブラリファイルの削除

- GitHub Actionsを解除

- メガテン5 V、DVD2枚届いた。

以上",true,false
2024-06-23,ゲームソフト🎮,"#### メガテン5 vengeance

- 20時間ぐらい遊んだ。

やりこみたい。

以上",true,false
2024-06-26,にゃそこん初号機を改良②,"- オブジェクト指向に対応しました

※ 処理をタグ内に置くことを止めました。

以上",true,false
2024-06-25,にゃそこん初号機を改良①,"- インターネット接続が必須ではなくなりました。

※ 大規模な変更です。

- タイトルのみタイムラインを出力

- ハイパーリンク解除

- 各投稿日表示→最近の投稿日のみ表示

※ 上記のように変更しました。

以上",true,false
2024-07-07,七夕🔖,"- neoruby-debuggerを更新

かなりよくなりました。

以上",true,false
2024-07-14,dps-zella,"- GitHub Actionでアサーションチェック導入

- dps-himekuriとdenops_stdバージョンをlatestにアップグレード

※ 曜日判定が違っていないか確認

Node.js / TSで書いている。

",true,false
2024-07-25,にゃそこんOSSを改良🌟,"- feedjira.rbを更新

- フォーマット対応

などブラッシュアップしました。
",true,false
2024-07-28,時刻の調整,"```ruby
require 'time'

Time.new.getlocal('+09:00')
```

※ 日本時間に設定しました。
",true,false
2024-08-03,neoruby-debuggerを調整🔧,"- rdbg機能を追加

- rubygems/rdbg内を探査する機能を削除

※ v1.1.10(v1.2.0の手前)に残した。

- v1.2.0のリリース

以上",true,false
2024-08-04,productionモード,"- developモードから入れ替え

- DB、データ、ユーザが対象

- コメント削除など調整

設定の見直し、本番環境スタート。",true,false
2024-08-05,日付の調整,"- Date.today→Time.nowに変更しました。

- 不要な呼び出し、require 'date'を削除しました。

- 変更をwikiにまとめました

- go_straight、日付の調整をしました。

- neoruby-debugger、テスト用。

ファイルが存在しないエラーメッセージを流す項目をelse文に入れました。

端末上で実行しrdbgのパスを見つけることを想定しています。

※ これで時差のずれがなくなると想います。

以上",true,false
2024-08-06,PCラック,"#### Amazonにて

- キャスターを買いました。

- 送料、430円 (Amazon Primeを検討中)

これで、木箱に置かなくてよくなった。

以上",true,false
2024-08-09,作業 (立秋過ぎ:2024),"- Linux Mint 21 → 22にアップグレード

- Neovimの利用を解除、vscodeに移行

- Netflix、マイ評価でいいね消した

- Lubuntu、HackGenをNeovimに設定

         ∟ デバッグ時アイコンが見れるようになった。

- :DefxF、解除した。これはアイコン非表示。

- キッチンペーパーを買ってきた。スギ薬局。

※ 記録は以上。",true,false
2024-10-07,コメント機能非同期処理実装,"- 投稿 → 更新ボタンを押す → 反映

- 1週間分削除 → 更新ボタンを押す → 反映

※ トップページ下にあります。

コメントは、一時保存用です。

Ajax版コメント機能非同期処理実装でした。",true,false
2024-10-09,コメント機能リファクタリング,"- ユニバーサルデザインを意識した

※ 各ボタンを隣接させた。投稿、削除、再読み込み。

- 部品を単体で読み込む仕様にした。

- トップページの上部、再読み込みボタンを削除した。

- 1週間分削除 → 期間限定削除にリファクタリングした。

以上。",true,false
2024-10-01,マルチコメントビューアー途中経過,"### 不可能案件

- 反省点、不可能案件ということに気づくのが遅れたこと。

#### 理由

- 実際に、curlコマンドでメッセージ取得ができる状態を用意していないため。

次は、0円で途中キャンセルを求められないようにしよう。

_請負の法律と下請法違反を許容するサービス、ランサーズ。_",true,false
2024-10-14,ルブントゥ側,"- Linuxカーネル、にゃそこん参ぴーじーうぃんで起動確認

- pgAdmin4、nyasocom_beta_developmentにアクセス可能、テーブル内一覧表示

- Zen Editor、LSP表示可能

※ Windows→ルブントゥに開発環境移行！

以上",true,false
2024-10-16,朝活、VS編,"- Visual Studio 2019 / 2022 Community版

> 学生、オープン ソース、個人の開発者向け

> 個人開発者の方、
独自の無料/有料のアプリを作成するため

使用用途を確認。

商用利用の範囲を知り、Professional版でビジネスに利用できることがわかる。

所持しているのは、サブスク版じゃなく買い取り版なので何世代か前のバージョン。

NuGet Pakage maneger

古いバージョンでも最新の実装を置き換えることで実行できる。

よい朝活だった。

[visual studio 詳細](https://visualstudio.microsoft.com/ja/vs/community/)

[visual studio ライセンス](https://visualstudio.microsoft.com/ja/license-terms/vs2022-ga-community/)",true,false
2024-10-17,Ruby補助金公募問い合わせあり,"- 笹田さんからなぜか、メールで連絡が届く。

> 私用のGmailと企業のメール。

→ 不思議なこともあるね。2通送りました。

長文で書きました。想いはありますね。

やるべきことはやりました。後悔はない。

- にゃんこ、市役所で選挙の投票をしてきた。

- クスリのアオキ、ゲンキーで買い物をしてきた。

※ 本日、サーモスの商品が届いた。",true,false
2024-10-18,疲れた。,"- 補助金の採択、見送りになりました。

- GitHub、[takkii/neoruby-debugger](https://github.com/takkii/neoruby-debugger)をアーカイブ化しました。

それに伴い、アナウンスを入れました。

※ メールを2通長文で返信するのはしんどかった。

しかし、誤字脱字はなかった。相手を丁重に扱ったのは事実。きちんとRubyコミッタと向き合いました。

どこの企業も資金繰りに苦労している様子。私だけが佳境にいるわけじゃないことは自覚するべき。

",true,true
2024-10-19,Until Know Editorと名付けました。,"#### UKEditorを正式名で呼ぶことにしました。

決して、UnkoEditorではありません。

- Until Know Editor

 「編集者を知るまで」と言うニュアンスです。

「あなた(編集者)のやりたいことを知りたい」と意訳してくれればよいです。

- 設定機能を削除

 一時的に変更が適用されますが、

起動すると変更が解除されます。

これはうれしくないです。

なので、消しました。

いずれ、ダークモードを実装します。",true,false
2024-10-20,本日、本体更新。,"- Gemfile.lock

- sass、非推奨の記述、警告の抑制フラグ追加

- package.json、yarn.lock更新

以上

> にゃんこと、スギ薬局へお菓子とコーラなどを買ってきた。

> にゃんこは、ゆうちょpayを使ってみた。肌寒い1日だった。",true,false
2024-10-21,或いは、重なり合うような。,"- go_straightを複製したoverlapを作りました。

PHP辞書をpandasで高速化し表示します。

- 私が起動したRuby関連の全てのプロジェクトをアーカイブ化しました。

本日が事実上の完全撤退日です。

- それに伴って、shopify関連のツールから離脱します。

solargraphなど代替えに移行します。

以上
",true,false
2024-10-22,ドキュメント更新。,"- overlap、wiki内ドキュメントを更新しました。

以上",true,false
2024-10-24,PHP辞書、過去に対応,"- 新バージョン辞書生成のみだった現状

- 過去バージョン辞書に対応しました。

単語数は劇的に増えました。かゆいところに手が届くPHP入力補完リストになりました。

※ Neovim用になるが、nvim-dapを使ったPHPデバッガを作成することを検討中。",true,false
2024-03-23,メカニカルキーボード,"- 念願のメカニカルキーボードを手に入れました。

- 想えば、大分長いことHHKBの有線キーボードを使っていました。

- 慣れず、使いにくいと想っていたので今のキーボードをかなり気に入っています。

> これからフリーランスとして使っていきます。",true,false
2025-01-03,人生をやり直す時,"人生は何回か、分岐点がある。

私は一病息災なので、特権を生かして生きていく。

なぜか、その方がうまくいく。

フリーランスに戻り、夢の続きをしていく。

売り上げ重視、やりたいこと後回し。

外出して、帰宅時間はリーマンと同じ。

自分時間を大事にするために、

今できることをしていく。",true,false
2025-10-01,誕生日イヴ。,"### 顔認識システムの修正を入れた。

ユーザテストを繰り返した。

照明をつけて顔写真を撮影すれば問題ない。

- 45歳、誕生日の前祝い。

> これからの1年もよい年を過ごせますように。

毎年そう言いながら、笑えたためしがあまりない。

「艱難辛苦、かかってこい！」

※ エクソシストのきよしくんより抜粋。
",true,false
2025-10-02,誕生日,"### バージョンアップ

- にゃそこん参ぴーじーうぃんのバージョンを上げようと思う。

> 3.2

※ このバージョンは安定版にしたい。

定期メンテナンスはしていく。",true,false
2025-10-05,睡眠不足,"### 妻の睡眠不足の日。

睡眠薬(安定剤)を飲ませて1日おやすみ。

ゆっくり過ごそう。",true,false
2025-10-06,バージョン情報作り変え,"- core.rbから呼び出しに変えた。

- ☒が含む文字列で挙動を変えた。

> 私の作った機能。

表面は同じに見える。

- pass.txtの中身と名前を入れ替えた。

生成と動作、ユーザテストは問題ない。",true,true
2025-10-08,にゃそこん用ツール,"### Rubygems/grouse登録

雷鳥(grouse)は、にゃそこん用ツールです。

- 日付

- pgroonga内libgroongaバージョン

- にゃそこんバージョン(.envを利用)

※ nyasocom_sun_pg_winの依存ライブラリにしてあります。

> bundle update

上記プロジェクト内で自然に入ります。

特にコーディングの必要はありません。",true,false
2025-10-10,お祝いの日は更新祭り。,"- sheltered-girl

- grouse

- nyasocom_sun_pg_win

※ 3つのプロジェクトを更新しました。

妻の母が喜寿を迎えられたということで、

定期メンテナンスを実行しました。

企画

- python3で2回遭遇した何も出力しない。

List of Rangeがバックトレースで流れます。

これをなんとかしたいので、

仮説を立てました。

未定義と思われる何も無いところに、

値の参照ライブラリを作り、

```c
String element = ""None"";
```

値を自動で入れ、

動的に値を変更できるようにRustで借用を使って、

書きたいと思っています。

今回は、長期でコーディングしていきます。",true,false
2025-10-11,イヌワシ,"🔄更新

- python3.14.0に対応できなかった。

- numpy

古いバージョンがopencv-python依存ライブラリになっている。

※ 依存ライブラリnumpyが最新ではないため、

python3.13.8に固定するなど、定期メンテナンス🏄‍♂️をした。

> リリース、v1.0.5.4

- 線の色をピンク → グリーンに変更した。

- 線の太さを2→3に変更した。

デザイン👩‍🎨の変更をした。

> リリース、v1.0.5.5

以上
",true,false
2025-10-16,顔認識,"### 機能変更歴

- イヌワシの解除

- 評価プロジェクトに内部を移植

- 評価後の画像を起動(緑色の枠あり)

※ 動作確認済み、ユーザテストクリア。",true,false
2025-10-21,Jetbrains製RubyMine.,"- 非商用ライセンスがあった。

- 顔認識、pass.txtを読み込むのは成功した。

- ユーザテストで動作確認をした。

<s>IPアドレス認証でミスマッチがあった。</s>

※ Windowsの更新とともに消えた。

以上。",true,false
2025-11-01,ハロウィーン,> 昨日、ハロウィーンだったので画像を貼り付け。,true,false
2021-08-18,himekuri2を更新しました。,"<h3>変更点</h3>

<pre class=""code lang-markdown"" data-lang=""markdown"" data-unlink>・ rice3からrice4に対応しました。
・ windows環境に対応しました。(himekuri2<span class=""synError"">_</span>winでビルドしました)
→ プロジェクト外で実行するとロードエラーを返すのに対処しました。
・ 不要なrequireを消しました。
</pre>


<p><s><a class=""keyword"" href=""http://d.hatena.ne.jp/keyword/windows"">windows</a>環境に対応しました。(himekuri_c_plusplusでビルドしました)</s></p>

<p>以上です。</p>",false,false
